CodeInsee;CodeDepartement;pays;Commune;Macron PCT;MACRON;LE PEN;MÉLENCHON;MACRON;exp;LE PEN;exp;MÉLENCHON;exp
73001;73;France;Aiguebelette-le-Lac;29;35323383;59;34;54;29;35323383;16;91542289;26;86567164
73003;73;France;Aigueblanche;25;05832944;537;580;379;25;05832944;27;06486234;17;68548763
73004;73;France;Aillon-le-Jeune;27;40213523;77;51;68;27;40213523;18;14946619;24;19928826
73005;73;France;Aillon-le-Vieux;14;68531469;21;20;39;14;68531469;13;98601399;27;27272727
73006;73;France;Aime-la-Plagne;27;21541156;777;650;529;27;21541156;22;76707531;18;52889667
73007;73;France;Aiton;16;57303371;118;262;114;16;57303371;36;79775281;16;01123596
73008;73;France;Aix-les-Bains;30;3316982;5194;3359;3296;30;3316982;19;61574399;19;24783929
73010;73;France;Entrelacs;27;82340862;1084;1052;621;27;82340862;27;00205339;15;93942505
73011;73;France;Albertville;24;19000904;1874;1886;1823;24;19000904;24;34490771;23;53168969
73012;73;France;Albiez-le-Jeune;21;8487395;26;12;42;21;8487395;10;08403361;35;29411765
73013;73;France;Albiez-Montrond;23;95209581;80;80;77;23;95209581;23;95209581;23;05389222
73014;73;France;Allondaz;25;42372881;45;43;40;25;42372881;24;29378531;22;59887006
73015;73;France;Les Allues;34;23076923;356;208;116;34;23076923;20;11;15384615
73017;73;France;Apremont;26;24633431;179;198;72;26;24633431;29;03225806;10;55718475
73018;73;France;Arbin;26;44135189;133;115;101;26;44135189;22;86282306;20;07952286
73019;73;France;Argentine;20;96505824;126;172;125;20;96505824;28;61896839;20;79866889
73020;73;France;Arith;22;12121212;73;82;56;22;12121212;24;84848485;16;96969697
73021;73;France;Arvillard;18;45878136;103;146;149;18;45878136;26;16487455;26;70250896
73022;73;France;Attignat-Oncin;25;54347826;94;77;82;25;54347826;20;92391304;22;2826087
73023;73;France;Aussois;24;17794971;125;83;120;24;17794971;16;05415861;23;21083172
73024;73;France;Les Avanchers-Valmorel;25;32833021;135;127;82;25;32833021;23;82739212;15;38461538
73025;73;France;Avressieux;24;27745665;84;96;57;24;27745665;27;74566474;16;47398844
73026;73;France;Avrieux;26;4;66;78;29;26;4;31;2;11;6
73027;73;France;Ayn;28;96825397;73;46;57;28;96825397;18;25396825;22;61904762
73028;73;France;La Balme;17;88990826;39;78;22;17;88990826;35;77981651;10;09174312
73029;73;France;Barberaz;27;6797829;816;529;657;27;6797829;17;94436906;22;28629579
73030;73;France;Barby;29;11471322;467;320;359;29;11471322;19;95012469;22;38154613
73031;73;France;Bassens;26;98229407;701;536;541;26;98229407;20;63125481;20;82371055
73032;73;France;La Bâthie;17;62189906;206;423;223;17;62189906;36;18477331;19;07613345
73033;73;France;La Bauche;11;42857143;36;89;96;11;42857143;28;25396825;30;47619048
73034;73;France;Beaufort;25;06830601;367;299;274;25;06830601;20;42349727;18;71584699
73036;73;France;Bellecombe-en-Bauges;20;74363992;106;92;152;20;74363992;18;00391389;29;74559687
73039;73;France;Belmont-Tramonet;23;71428571;83;87;62;23;71428571;24;85714286;17;71428571
73040;73;France;Bessans;31;41891892;93;57;46;31;41891892;19;25675676;15;54054054
73041;73;France;Betton-Bettonet;21;42;67;36;21;33;5;18
73042;73;France;Billième;29;58;52;33;29;26;16;5
73043;73;France;La Biolle;27;4135876;460;414;266;27;4135876;24;67222884;15;85220501
73047;73;France;Bonneval-sur-Arc;11;51515152;19;48;28;11;51515152;29;09090909;16;96969697
73048;73;France;Bonvillard;17;22488038;36;69;39;17;22488038;33;01435407;18;66028708
73049;73;France;Bonvillaret;24;17582418;22;27;27;24;17582418;29;67032967;29;67032967
73050;73;France;Bourdeau;33;52601156;116;57;54;33;52601156;16;47398844;15;60693642
73051;73;France;Le Bourget-du-Lac;28;93799002;812;554;540;28;93799002;19;74340699;19;24447612
73052;73;France;Bourget-en-Huile;29;05982906;34;22;19;29;05982906;18;8034188;16;23931624
73053;73;France;Bourgneuf;15;85365854;65;158;72;15;85365854;38;53658537;17;56097561
73054;73;France;Bourg-Saint-Maurice;27;10793738;987;688;787;27;10793738;18;89590772;21;61494095
73055;73;France;Bozel;30;77586207;357;199;217;30;77586207;17;15517241;18;70689655
73057;73;France;Brides-les-Bains;25;5033557;76;66;38;25;5033557;22;14765101;12;75167785
73058;73;France;La Bridoire;23;03120357;155;172;135;23;03120357;25;55720654;20;05943536
73059;73;France;Brison-Saint-Innocent;33;8573156;560;323;239;33;8573156;19;52841596;14;44981862
73061;73;France;Césarches;25;17985612;70;67;54;25;17985612;24;10071942;19;42446043
73063;73;France;Cevins;15;42056075;66;158;75;15;42056075;36;91588785;17;52336449
73064;73;France;Challes-les-Eaux;30;48817011;1018;723;582;30;48817011;21;65318958;17;43036837
73065;73;France;Chambéry;25;47294855;6342;3503;8116;25;47294855;14;06996827;32;59830502
73067;73;France;La Chambre;24;16107383;144;183;92;24;16107383;30;70469799;15;43624161
73068;73;France;Chamousset;17;43589744;68;129;73;17;43589744;33;07692308;18;71794872
73069;73;France;Chamoux-sur-Gelon;15;48042705;87;175;124;15;48042705;31;13879004;22;06405694
73070;73;France;Champagneux;18;61042184;75;164;67;18;61042184;40;69478908;16;62531017
73071;73;France;Champagny-en-Vanoise;32;6754386;149;71;72;32;6754386;15;57017544;15;78947368
73072;73;France;Champ-Laurent;32;69230769;17;7;11;32;69230769;13;46153846;21;15384615
73073;73;France;Chanaz;24;59016393;75;101;45;24;59016393;33;1147541;14;75409836
73074;73;France;La Chapelle;16;29955947;37;74;48;16;29955947;32;59911894;21;14537445
73075;73;France;La Chapelle-Blanche;29;6037296;127;85;70;29;6037296;19;81351981;16;31701632
73076;73;France;La Chapelle-du-Mont-du-Chat;20;26143791;31;34;31;20;26143791;22;22222222;20;26143791
73077;73;France;Les Chapelles;25;93582888;97;75;96;25;93582888;20;05347594;25;6684492
73078;73;France;La Chapelle-Saint-Martin;37;27272727;41;24;18;37;27272727;21;81818182;16;36363636
73079;73;France;Châteauneuf;22;44165171;125;156;98;22;44165171;28;00718133;17;59425494
73081;73;France;Le Châtelard;18;58638743;71;72;125;18;58638743;18;84816754;32;72251309
73082;73;France;La Chavanne;26;4033264;127;90;104;26;4033264;18;71101871;21;62162162
73083;73;France;Les Chavannes-en-Maurienne;11;72839506;19;84;18;11;72839506;51;85185185;11;11111111
73084;73;France;Chignin;30;19891501;167;124;93;30;19891501;22;42314647;16;81735986
73085;73;France;Chindrieux;27;92792793;248;201;139;27;92792793;22;63513514;15;65315315
73086;73;France;Cléry;16;61129568;50;76;71;16;61129568;25;24916944;23;58803987
73087;73;France;Cognin;24;57780458;815;668;899;24;57780458;20;14475271;27;11097708
73088;73;France;Cohennoz;31;74603175;40;31;10;31;74603175;24;6031746;7;936507937
73089;73;France;Coise-Saint-Jean-Pied-Gauthier;22;86874154;169;184;145;22;86874154;24;8985115;19;62110961
73090;73;France;La Compôte;14;94252874;26;40;41;14;94252874;22;98850575;23;56321839
73091;73;France;Conjux;31;12582781;47;31;19;31;12582781;20;52980132;12;58278146
73092;73;France;Corbel;24;26470588;33;36;24;24;26470588;26;47058824;17;64705882
73094;73;France;Crest-Voland;33;67003367;100;64;25;33;67003367;21;54882155;8;417508418
73095;73;France;La Croix-de-la-Rochette;25;21367521;59;67;38;25;21367521;28;63247863;16;23931624
73096;73;France;Cruet;21;89781022;150;154;149;21;89781022;22;48175182;21;75182482
73097;73;France;Curienne;22;15053763;103;100;123;22;15053763;21;50537634;26;4516129
73098;73;France;Les Déserts;22;16981132;141;155;154;22;16981132;24;37106918;24;21383648
73099;73;France;Détrier;26;33744856;64;67;49;26;33744856;27;57201646;20;16460905
73100;73;France;Domessin;27;39383847;329;325;196;27;39383847;27;06078268;16;31973356
73101;73;France;Doucy-en-Bauges;28;35820896;19;9;16;28;35820896;13;43283582;23;88059701
73103;73;France;Drumettaz-Clarafond;31;02702703;574;402;314;31;02702703;21;72972973;16;97297297
73104;73;France;Dullin;21;19205298;64;70;71;21;19205298;23;17880795;23;50993377
73105;73;France;Les Échelles;17;64705882;111;206;117;17;64705882;32;75039746;18;6009539
73106;73;France;École;25;96685083;47;45;35;25;96685083;24;86187845;19;33701657
73107;73;France;Entremont-le-Vieux;27;02702703;120;76;105;27;02702703;17;11711712;23;64864865
73109;73;France;Épierre;20;91954023;91;155;67;20;91954023;35;63218391;15;40229885
73110;73;France;Esserts-Blay;17;23404255;81;154;93;17;23404255;32;76595745;19;78723404
73113;73;France;Feissons-sur-Salins;19;82758621;23;24;35;19;82758621;20;68965517;30;17241379
73114;73;France;Flumet;23;01425662;113;127;53;23;01425662;25;86558045;10;79429735
73116;73;France;Fontcouverte-la-Toussuire;28;0623608;126;129;55;28;0623608;28;73051225;12;24944321
73117;73;France;Fourneaux;24;15902141;79;88;71;24;15902141;26;91131498;21;71253823
73119;73;France;Freney;18;18181818;14;15;13;18;18181818;19;48051948;16;88311688
73120;73;France;Fréterive;24;62462462;82;90;43;24;62462462;27;02702703;12;91291291
73121;73;France;Frontenex;21;9938335;214;297;183;21;9938335;30;52415211;18;80781089
73122;73;France;Gerbaix;25;07739938;81;74;70;25;07739938;22;91021672;21;67182663
73123;73;France;La Giettaz;25;37313433;68;67;26;25;37313433;25;9;701492537
73124;73;France;Gilly-sur-Isère;25;48403977;487;459;309;25;48403977;24;0188383;16;16954474
73128;73;France;Grésy-sur-Aix;27;71353972;743;654;489;27;71353972;24;39388288;18;23946289
73129;73;France;Grésy-sur-Isère;19;02834008;141;242;134;19;02834008;32;6585695;18;08367072
73130;73;France;Grignon;19;20583468;237;449;221;19;20583468;36;38573744;17;90923825
73131;73;France;Hautecour;28;24074074;61;37;51;28;24074074;17;12962963;23;61111111
73132;73;France;Hauteluce;24;79474548;151;193;66;24;79474548;31;69129721;10;83743842
73133;73;France;Hauteville;21;2244898;52;60;47;21;2244898;24;48979592;19;18367347
73135;73;France;La Tour-en-Maurienne;21;17177097;159;228;105;21;17177097;30;35952064;13;98135819
73137;73;France;Jacob-Bellecombette;31;3925279;647;288;523;31;3925279;13;97379913;25;37603105
73138;73;France;Jarrier;23;62204724;90;104;60;23;62204724;27;29658793;15;7480315
73139;73;France;Jarsy;20;27027027;45;29;56;20;27027027;13;06306306;25;22522523
73140;73;France;Jongieux;32;17821782;65;47;23;32;17821782;23;26732673;11;38613861
73141;73;France;Laissaud;29;27400468;125;121;52;29;27400468;28;33723653;12;17798595
73142;73;France;Landry;22;17573222;106;118;117;22;17573222;24;68619247;24;47698745
73145;73;France;Lépin-le-Lac;25;4180602;76;81;61;25;4180602;27;090301;20;40133779
73146;73;France;Lescheraines;23;23943662;99;83;116;23;23943662;19;48356808;27;23004695
73147;73;France;Loisieux;23;57142857;33;27;31;23;57142857;19;28571429;22;14285714
73149;73;France;Lucey;27;41116751;54;54;35;27;41116751;27;41116751;17;76649746
73150;73;France;La Plagne Tarentaise;28;1048234;740;543;490;28;1048234;20;62286365;18;60995063
73151;73;France;Porte-de-Savoie;28;67743344;657;493;421;28;67743344;21;51898734;18;37625491
73152;73;France;Marcieux;29;26829268;48;26;44;29;26829268;15;85365854;26;82926829
73153;73;France;Marthod;22;12086659;194;299;150;22;12086659;34;09350057;17;10376283
73154;73;France;Mercury;28;01664355;606;516;364;28;01664355;23;85575589;16;82847896
73155;73;France;Méry;25;98607889;336;305;234;25;98607889;23;58855375;18;0974478
73156;73;France;Meyrieux-Trouet;18;75;42;60;28;18;75;26;78571429;12;5
73157;73;France;Modane;29;07904278;401;313;264;29;07904278;22;69760696;19;14430747
73159;73;France;Les Mollettes;22;39382239;116;160;88;22;39382239;30;88803089;16;98841699
73160;73;France;Montagnole;30;78034682;213;154;104;30;78034682;22;25433526;15;02890173
73161;73;France;Montagny;25;73529412;105;114;44;25;73529412;27;94117647;10;78431373
73162;73;France;Montailleur;23;87706856;101;118;83;23;87706856;27;89598109;19;62174941
73164;73;France;Montcel;24;82369535;176;164;153;24;82369535;23;13117066;21;5796897
73166;73;France;Montendry;19;51219512;8;7;11;19;51219512;17;07317073;26;82926829
73168;73;France;Montgilbert;13;51351351;10;20;12;13;51351351;27;02702703;16;21621622
73170;73;France;Monthion;14;20612813;51;131;57;14;20612813;36;4902507;15;87743733
73171;73;France;Montmélian;25;46728972;436;443;415;25;46728972;25;87616822;24;24065421
73173;73;France;Montricher-Albanne;24;30167598;87;84;62;24;30167598;23;46368715;17;31843575
73175;73;France;Montsapey;25;26;28;17;25;26;92307692;16;34615385
73176;73;France;Montvalezan;26;11464968;123;97;70;26;11464968;20;59447983;14;86199575
73177;73;France;Montvernier;23;97660819;41;42;37;23;97660819;24;56140351;21;6374269
73178;73;France;La Motte-en-Bauges;17;52021563;65;90;106;17;52021563;24;25876011;28;57142857
73179;73;France;La Motte-Servolex;30;8056872;2210;1550;1241;30;8056872;21;60579872;17;2985782
73180;73;France;Motz;21;6828479;67;83;68;21;6828479;26;86084142;22;00647249
73181;73;France;Moûtiers;24;56;307;314;269;24;56;25;12;21;52
73182;73;France;Mouxy;31;7218543;479;311;214;31;7218543;20;59602649;14;17218543
73183;73;France;Myans;30;47058824;259;189;122;30;47058824;22;23529412;14;35294118
73184;73;France;Nances;25;69832402;92;86;67;25;69832402;24;02234637;18;7150838
73186;73;France;Notre-Dame-de-Bellecombe;33;33333333;106;68;33;33;33333333;21;3836478;10;37735849
73187;73;France;La Léchère;17;43176179;281;489;348;17;43176179;30;33498759;21;58808933
73188;73;France;Notre-Dame-des-Millières;17;4137931;101;233;88;17;4137931;40;17241379;15;17241379
73189;73;France;Notre-Dame-du-Cruet;18;54304636;28;68;20;18;54304636;45;03311258;13;24503311
73190;73;France;Notre-Dame-du-Pré;33;11258278;50;44;19;33;11258278;29;13907285;12;58278146
73191;73;France;Novalaise;29;24393723;410;275;273;29;24393723;19;61483595;19;4721826
73192;73;France;Le Noyer;21;85430464;33;27;45;21;85430464;17;8807947;29;8013245
73193;73;France;Ontex;15;25423729;9;12;8;15;25423729;20;33898305;13;55932203
73194;73;France;Orelle;29;22374429;64;71;37;29;22374429;32;42009132;16;89497717
73196;73;France;Pallud;26;74418605;138;124;88;26;74418605;24;03100775;17;05426357
73197;73;France;Peisey-Nancroix;37;41176471;159;55;72;37;41176471;12;94117647;16;94117647
73200;73;France;Planaise;29;55223881;99;68;66;29;55223881;20;29850746;19;70149254
73201;73;France;Planay;23;61111111;51;74;27;23;61111111;34;25925926;12;5
73202;73;France;Plancherine;24;65753425;72;57;61;24;65753425;19;52054795;20;89041096
73204;73;France;Le Pont-de-Beauvoisin;20;90517241;194;288;234;20;90517241;31;03448276;25;21551724
73205;73;France;Le Pontet;18;55670103;18;25;13;18;55670103;25;77319588;13;40206186
73206;73;France;Pralognan-la-Vanoise;31;42250531;148;77;87;31;42250531;16;34819533;18;47133758
73207;73;France;Presle;21;89542484;67;91;67;21;89542484;29;73856209;21;89542484
73208;73;France;Pugny-Chatenod;38;1294964;265;89;98;38;1294964;12;8057554;14;10071942
73210;73;France;Puygros;28;32167832;81;72;43;28;32167832;25;17482517;15;03496503
73211;73;France;Queige;21;46189736;138;157;169;21;46189736;24;41679627;26;28304821
73212;73;France;Val-d'Arc;20;14537902;194;334;182;20;14537902;34;68328141;18;8992731
73213;73;France;La Ravoire;27;4618871;1333;1073;1031;27;4618871;22;10548002;21;24021426
73214;73;France;Rochefort;28;17679558;51;44;31;28;17679558;24;30939227;17;12707182
73215;73;France;Valgelon-La Rochette;25;38095238;533;646;379;25;38095238;30;76190476;18;04761905
73216;73;France;Rognaix;11;70212766;33;119;42;11;70212766;42;19858156;14;89361702
73217;73;France;Rotherens;36;72;54;28;36;27;14
73218;73;France;Ruffieux;25;14177694;133;142;83;25;14177694;26;84310019;15;6899811
73219;73;France;Saint-Alban-de-Montbel;34;33179724;149;83;94;34;33179724;19;12442396;21;65898618
73220;73;France;Saint-Alban-d'Hurtières;21;37931034;62;75;60;21;37931034;25;86206897;20;68965517
73221;73;France;Saint-Alban-des-Villards;20;15503876;26;29;17;20;15503876;22;48062016;13;17829457
73222;73;France;Saint-Alban-Leysse;28;31505484;1136;818;805;28;31505484;20;3888335;20;06480558
73223;73;France;Saint-André;18;99109792;64;97;53;18;99109792;28;78338279;15;72700297
73224;73;France;Saint-Avre;15;50218341;71;180;86;15;50218341;39;30131004;18;77729258
73225;73;France;Saint-Baldoph;26;83823529;511;413;355;26;83823529;21;69117647;18;64495798
73226;73;France;Saint-Béron;20;77001013;205;327;195;20;77001013;33;13069909;19;75683891
73227;73;France;Courchevel;30;35211268;431;271;194;30;35211268;19;08450704;13;66197183
73228;73;France;Saint-Cassin;25;89928058;144;124;101;25;89928058;22;30215827;18;16546763
73229;73;France;Saint-Christophe;21;81818182;72;105;44;21;81818182;31;81818182;13;33333333
73230;73;France;Saint-Colomban-des-Villards;22;27488152;47;49;28;22;27488152;23;22274882;13;27014218
73231;73;France;Saint-Étienne-de-Cuines;17;66381766;124;222;142;17;66381766;31;62393162;20;22792023
73232;73;France;Sainte-Foy-Tarentaise;29;74683544;141;90;64;29;74683544;18;98734177;13;5021097
73233;73;France;Saint-Franc;21;42857143;27;14;33;21;42857143;11;11111111;26;19047619
73234;73;France;Saint-François-de-Sales;23;01587302;29;25;32;23;01587302;19;84126984;25;3968254
73235;73;France;Saint-François-Longchamp;26;77165354;102;82;62;26;77165354;21;52230971;16;27296588
73236;73;France;Saint-Genix-les-Villages;23;92179413;416;471;340;23;92179413;27;08453134;19;55146636
73237;73;France;Saint-Georges-d'Hurtières;14;1025641;33;43;84;14;1025641;18;37606838;35;8974359
73240;73;France;Sainte-Hélène-du-Lac;24;47916667;141;125;113;24;47916667;21;70138889;19;61805556
73241;73;France;Sainte-Hélène-sur-Isère;20;33678756;157;255;120;20;33678756;33;03108808;15;54404145
73242;73;France;Saint-Jean-d'Arves;15;09433962;32;64;43;15;09433962;30;18867925;20;28301887
73243;73;France;Saint-Jean-d'Arvey;23;27150084;276;222;323;23;27150084;18;71838111;27;23440135
73245;73;France;Saint-Jean-de-Chevelu;26;09561753;131;136;93;26;09561753;27;09163347;18;52589641
73246;73;France;Saint-Jean-de-Couz;24;86772487;47;52;47;24;86772487;27;51322751;24;86772487
73247;73;France;Saint-Jean-de-la-Porte;26;9681742;161;136;142;26;9681742;22;78056951;23;78559464
73248;73;France;Saint-Jean-de-Maurienne;22;59326113;751;929;658;22;59326113;27;94825511;19;7954272
73249;73;France;Saint-Jeoire-Prieuré;30;75489282;330;260;154;30;75489282;24;23112768;14;35228332
73250;73;France;Saint-Julien-Mont-Denis;18;36306401;175;325;193;18;36306401;34;10283316;20;25183631
73252;73;France;Saint-Léger;13;41463415;22;71;29;13;41463415;43;29268293;17;68292683
73253;73;France;Saint-Marcel;21;40221402;58;88;57;21;40221402;32;47232472;21;03321033
73254;73;France;Sainte-Marie-d'Alvey;16;66666667;16;21;22;16;66666667;21;875;22;91666667
73255;73;France;Sainte-Marie-de-Cuines;15;58704453;77;188;91;15;58704453;38;05668016;18;42105263
73256;73;France;Saint-Martin-d'Arc;20;23121387;35;70;29;20;23121387;40;46242775;16;76300578
73257;73;France;Les Belleville;36;13972235;807;425;367;36;13972235;19;03269145;16;43528885
73258;73;France;Saint-Martin-de-la-Porte;20;92050209;100;117;103;20;92050209;24;47698745;21;54811715
73259;73;France;Saint-Martin-sur-la-Chambre;28;30769231;92;106;35;28;30769231;32;61538462;10;76923077
73261;73;France;Saint-Michel-de-Maurienne;22;27238525;296;380;289;22;27238525;28;59292701;21;74567344
73262;73;France;Saint-Nicolas-la-Chapelle;28;48297214;92;80;37;28;48297214;24;76780186;11;45510836
73263;73;France;Saint-Offenge;25;98870056;184;159;114;25;98870056;22;45762712;16;10169492
73265;73;France;Saint-Ours;27;10084034;129;97;97;27;10084034;20;37815126;20;37815126
73267;73;France;Saint-Pancrace;21;49122807;49;77;36;21;49122807;33;77192982;15;78947368
73268;73;France;Saint-Paul-sur-Isère;17;64705882;48;82;64;17;64705882;30;14705882;23;52941176
73269;73;France;Saint-Paul-sur-Yenne;30;71895425;141;124;75;30;71895425;27;01525054;16;33986928
73270;73;France;Saint-Pierre-d'Albigny;26;42887838;615;548;498;26;42887838;23;54963472;21;40094542
73271;73;France;Saint-Pierre-d'Alvey;27;86069652;56;33;38;27;86069652;16;41791045;18;90547264
73272;73;France;Saint-Pierre-de-Belleville;15;2173913;21;56;18;15;2173913;40;57971014;13;04347826
73273;73;France;Saint-Pierre-de-Curtille;20;88888889;47;69;32;20;88888889;30;66666667;14;22222222
73274;73;France;Saint-Pierre-d'Entremont;22;86821705;59;55;57;22;86821705;21;31782946;22;09302326
73275;73;France;Saint-Pierre-de-Genebroz;22;9787234;54;69;52;22;9787234;29;36170213;22;12765957
73276;73;France;Saint-Pierre-de-Soucy;23;15436242;69;79;62;23;15436242;26;51006711;20;80536913
73277;73;France;Sainte-Reine;26;4957265;31;22;16;26;4957265;18;8034188;13;67521368
73278;73;France;Saint-Rémy-de-Maurienne;21;17794486;169;297;89;21;17794486;37;21804511;11;15288221
73280;73;France;Saint-Sorlin-d'Arves;26;34920635;83;73;62;26;34920635;23;17460317;19;68253968
73281;73;France;Saint-Sulpice;28;0141844;158;138;81;28;0141844;24;46808511;14;36170213
73282;73;France;Saint-Thibaud-de-Couz;22;07207207;147;200;122;22;07207207;30;03003003;18;31831832
73283;73;France;Saint-Vital;18;89400922;82;124;82;18;89400922;28;57142857;18;89400922
73284;73;France;Salins-Fontaine;28;83895131;154;120;89;28;83895131;22;47191011;16;66666667
73285;73;France;Sées;24;72613459;316;320;247;24;72613459;25;03912363;19;32707355
73286;73;France;Serrières-en-Chautagne;16;03630862;106;239;121;16;03630862;36;15733737;18;30559758
73288;73;France;Sonnaz;30;31066331;361;260;216;30;31066331;21;83039463;18;13602015
73289;73;France;La Table;16;28787879;43;86;43;16;28787879;32;57575758;16;28787879
73290;73;France;Lanslebourg-Mont-Cenis;28;31737346;414;328;229;28;31737346;22;43502052;15;66347469
73292;73;France;Thénésol;20;28985507;42;73;34;20;28985507;35;26570048;16;42512077
73293;73;France;Thoiry;29;85074627;100;61;86;29;85074627;18;20895522;25;67164179
73294;73;France;La Thuile;19;50207469;47;59;66;19;50207469;24;4813278;27;38589212
73296;73;France;Tignes;25;49388523;271;175;224;25;49388523;16;46284102;21;0724365
73297;73;France;Tournon;25;33333333;95;86;77;25;33333333;22;93333333;20;53333333
73298;73;France;Tours-en-Savoie;16;72597865;94;196;87;16;72597865;34;87544484;15;48042705
73299;73;France;Traize;27;14285714;57;47;35;27;14285714;22;38095238;16;66666667
73300;73;France;Tresserve;36;99453552;677;306;214;36;99453552;16;72131148;11;69398907
73301;73;France;Trévignin;29;38856016;149;117;73;29;38856016;23;07692308;14;39842209
73302;73;France;La Trinité;24;32432432;54;67;43;24;32432432;30;18018018;19;36936937
73303;73;France;Ugine;21;29225736;781;1141;649;21;29225736;31;10687023;17;69356598
73304;73;France;Val-d'Isère;35;46168959;361;143;128;35;46168959;14;04715128;12;57367387
73306;73;France;Valloire;36;81192661;321;187;81;36;81192661;21;44495413;9;288990826
73307;73;France;Valmeinier;20;18348624;66;75;68;20;18348624;22;93577982;20;79510703
73308;73;France;Venthon;21;31979695;84;135;79;21;31979695;34;26395939;20;05076142
73309;73;France;Verel-de-Montbel;22;66009852;46;54;45;22;66009852;26;60098522;22;16748768
73310;73;France;Verel-Pragondran;31;10539846;121;64;84;31;10539846;16;45244216;21;59383033
73311;73;France;Le Verneil;18;46153846;12;14;15;18;46153846;21;53846154;23;07692308
73312;73;France;Verrens-Arvey;27;3476112;166;147;99;27;3476112;24;21746293;16;30971993
73313;73;France;Verthemex;23;28767123;34;32;33;23;28767123;21;91780822;22;60273973
73314;73;France;Villard-d'Héry;20;70707071;41;46;31;20;70707071;23;23232323;15;65656566
73315;73;France;Villard-Léger;16;76829268;55;135;58;16;76829268;41;15853659;17;68292683
73316;73;France;Villard-Sallet;20;93023256;45;84;28;20;93023256;39;06976744;13;02325581
73317;73;France;Villard-sur-Doron;19;95753715;94;117;118;19;95753715;24;84076433;25;05307856
73318;73;France;Villarembert;32;48730964;64;51;31;32;48730964;25;88832487;15;73604061
73320;73;France;Villargondran;19;73434535;104;198;91;19;73434535;37;5711575;17;26755218
73322;73;France;Villarodin-Bourget;26;31578947;90;82;44;26;31578947;23;97660819;12;86549708
73323;73;France;Villaroger;25;17006803;74;69;39;25;17006803;23;46938776;13;26530612
73324;73;France;Villaroux;35;55555556;64;44;26;35;55555556;24;44444444;14;44444444
73326;73;France;Vimines;30;91655267;452;324;229;30;91655267;22;16142271;15;66347469
73327;73;France;Vions;20;74688797;50;64;38;20;74688797;26;5560166;15;76763485
73328;73;France;Viviers-du-Lac;34;14826498;433;249;205;34;14826498;19;63722397;16;16719243
73329;73;France;Voglans;32;93903549;362;282;183;32;93903549;25;65969063;16;65150136
73330;73;France;Yenne;26;247798;447;487;289;26;247798;28;59659425;16;97005285
74001;74;France;Abondance;25;215;256;83;25;29;76744186;9;651162791
74002;74;France;Alby-sur-Chéran;23;94160584;328;345;287;23;94160584;25;18248175;20;94890511
74003;74;France;Alex;36;80241327;244;89;120;36;80241327;13;42383107;18;09954751
74004;74;France;Allèves;21;01167315;54;59;61;21;01167315;22;95719844;23;73540856
74005;74;France;Allinges;29;52212389;834;662;428;29;52212389;23;43362832;15;15044248
74006;74;France;Allonzier-la-Caille;27;62790698;297;256;175;27;62790698;23;81395349;16;27906977
74007;74;France;Amancy;29;48548813;447;361;257;29;48548813;23;81266491;16;9525066
74008;74;France;Ambilly;29;23633077;647;368;572;29;23633077;16;62901039;25;84726615
74009;74;France;Andilly;34;45065177;185;77;78;34;45065177;14;33891993;14;52513966
74010;74;France;Annecy;33;37735226;21231;9554;13501;33;37735226;15;01988712;21;22498389
74012;74;France;Annemasse;26;0792209;2785;1764;3615;26;0792209;16;5184006;33;85148422
74013;74;France;Anthy-sur-Léman;36;81693989;539;236;178;36;81693989;16;12021858;12;15846995
74014;74;France;Arâches-la-Frasse;33;87096774;399;188;211;33;87096774;15;95925297;17;91171477
74015;74;France;Arbusigny;22;00598802;147;194;120;22;00598802;29;04191617;17;96407186
74016;74;France;Archamps;38;68995633;443;187;154;38;68995633;16;33187773;13;44978166
74018;74;France;Arenthon;27;94376098;318;328;164;27;94376098;28;82249561;14;4112478
74019;74;France;Argonay;35;18918919;651;342;291;35;18918919;18;48648649;15;72972973
74020;74;France;Armoy;33;3683106;318;163;129;33;3683106;17;10388248;13;53620147
74021;74;France;Arthaz-Pont-Notre-Dame;25;75928009;229;282;113;25;75928009;31;72103487;12;71091114
74024;74;France;Ayse;30;37313433;407;310;206;30;37313433;23;13432836;15;37313433
74025;74;France;Ballaison;34;3980344;280;176;112;34;3980344;21;62162162;13;75921376
74026;74;France;La Balme-de-Sillingy;30;34965035;868;748;411;30;34965035;26;15384615;14;37062937
74027;74;France;La Balme-de-Thuy;27;45762712;81;88;38;27;45762712;29;83050847;12;88135593
74029;74;France;Bassy;22;77992278;59;72;38;22;77992278;27;7992278;14;67181467
74030;74;France;La Baume;28;75816993;44;28;36;28;75816993;18;30065359;23;52941176
74031;74;France;Beaumont;33;25123153;405;188;214;33;25123153;15;43513957;17;56978654
74032;74;France;Bellevaux;29;51496388;286;221;113;29;51496388;22;80701754;11;66150671
74033;74;France;Bernex;26;08213097;235;253;128;26;08213097;28;07991121;14;20643729
74034;74;France;Le Biot;25;16339869;77;70;52;25;16339869;22;87581699;16;99346405
74035;74;France;Bloye;29;97416021;116;117;48;29;97416021;30;23255814;12;40310078
74036;74;France;Bluffy;46;2633452;130;41;21;46;2633452;14;59074733;7;473309609
74037;74;France;Boëge;24;7311828;276;206;231;24;7311828;18;45878136;20;69892473
74038;74;France;Bogève;23;69791667;182;194;119;23;69791667;25;26041667;15;49479167
74040;74;France;Bonne;31;32947977;542;351;276;31;32947977;20;28901734;15;95375723
74041;74;France;Bonnevaux;20;27027027;30;47;26;20;27027027;31;75675676;17;56756757
74042;74;France;Bonneville;25;45164718;1437;1326;1390;25;45164718;23;48565356;24;61919943
74043;74;France;Bons-en-Chablais;27;71164021;838;694;527;27;71164021;22;94973545;17;42724868
74044;74;France;Bossey;41;21405751;129;38;54;41;21405751;12;14057508;17;25239617
74045;74;France;Le Bouchet-Mont-Charvin;24;5398773;40;41;33;24;5398773;25;15337423;20;24539877
74046;74;France;Boussy;26;38888889;95;95;57;26;38888889;26;38888889;15;83333333
74048;74;France;Brenthonne;28;39313573;182;157;123;28;39313573;24;49297972;19;18876755
74049;74;France;Brizon;24;92307692;81;101;39;24;92307692;31;07692308;12
74050;74;France;Burdignin;26;29310345;122;112;96;26;29310345;24;13793103;20;68965517
74051;74;France;Cercier;28;5326087;105;64;54;28;5326087;17;39130435;14;67391304
74052;74;France;Cernex;32;62295082;199;111;83;32;62295082;18;19672131;13;60655738
74053;74;France;Cervens;26;64714495;182;142;149;26;64714495;20;79062958;21;81551977
74054;74;France;Chainaz-les-Frasses;28;62903226;142;86;95;28;62903226;17;33870968;19;15322581
74055;74;France;Challonges;30;51359517;101;74;55;30;51359517;22;35649547;16;6163142
74056;74;France;Chamonix-Mont-Blanc;36;36010111;1870;672;1033;36;36010111;13;06630371;20;08555318
74057;74;France;Champanges;27;88461538;203;173;80;27;88461538;23;76373626;10;98901099
74058;74;France;La Chapelle-d'Abondance;29;1913215;148;143;42;29;1913215;28;20512821;8;284023669
74059;74;France;La Chapelle-Rambaud;22;36024845;36;49;24;22;36024845;30;43478261;14;9068323
74060;74;France;La Chapelle-Saint-Maurice;16;66666667;15;18;13;16;66666667;20;14;44444444
74061;74;France;Chapeiry;28;79045997;169;133;93;28;79045997;22;65758092;15;84327087
74062;74;France;Charvonnex;31;49882904;269;168;108;31;49882904;19;67213115;12;64637002
74063;74;France;Châtel;31;50134048;235;209;54;31;50134048;28;01608579;7;238605898
74064;74;France;Châtillon-sur-Cluses;26;43118149;217;203;128;26;43118149;24;72594397;15;590743
74065;74;France;Chaumont;28;25396825;89;56;56;28;25396825;17;77777778;17;77777778
74066;74;France;Chavannaz;25;73529412;35;26;23;25;73529412;19;11764706;16;91176471
74067;74;France;Chavanod;35;75931232;624;378;203;35;75931232;21;66189112;11;63323782
74068;74;France;Chêne-en-Semine;23;80952381;70;87;27;23;80952381;29;59183673;9;183673469
74069;74;France;Chênex;32;61455526;121;93;36;32;61455526;25;06738544;9;703504043
74070;74;France;Chens-sur-Léman;33;80530973;382;189;206;33;80530973;16;72566372;18;2300885
74071;74;France;Chessenaz;20;56737589;29;38;19;20;56737589;26;95035461;13;4751773
74072;74;France;Chevaline;30;08130081;37;26;16;30;08130081;21;13821138;13;00813008
74073;74;France;Chevenoz;13;5391924;57;164;49;13;5391924;38;95486936;11;63895487
74074;74;France;Chevrier;32;71375465;88;49;44;32;71375465;18;21561338;16;35687732
74075;74;France;Chilly;23;99103139;214;247;115;23;99103139;27;69058296;12;89237668
74076;74;France;Choisy;30;40152964;318;255;127;30;40152964;24;37858509;12;1414914
74077;74;France;Clarafond-Arcine;25;52447552;146;151;82;25;52447552;26;3986014;14;33566434
74078;74;France;Clermont;24;09638554;60;63;45;24;09638554;25;30120482;18;07228916
74079;74;France;Les Clefs;34;71264368;151;68;50;34;71264368;15;63218391;11;49425287
74080;74;France;La Clusaz;39;0328152;452;173;96;39;0328152;14;93955095;8;29015544
74081;74;France;Cluses;26;30594106;1687;1589;1438;26;30594106;24;7777951;22;42320287
74082;74;France;Collonges-sous-Salève;37;91530945;582;184;266;37;91530945;11;98697068;17;32899023
74083;74;France;Combloux;38;67047891;541;300;114;38;67047891;21;44388849;8;148677627
74085;74;France;Les Contamines-Montjoie;40;13761468;350;132;116;40;13761468;15;13761468;13;30275229
74086;74;France;Contamine-Sarzin;27;31707317;112;105;60;27;31707317;25;6097561;14;63414634
74087;74;France;Contamine-sur-Arve;31;55515371;349;249;158;31;55515371;22;51356239;14;28571429
74088;74;France;Copponex;31;92090395;226;127;117;31;92090395;17;93785311;16;52542373
74089;74;France;Cordon;34;70588235;236;164;56;34;70588235;24;11764706;8;235294118
74090;74;France;Cornier;27;91262136;230;223;119;27;91262136;27;0631068;14;44174757
74091;74;France;La Côte-d'Arbroz;35;22727273;62;24;27;35;22727273;13;63636364;15;34090909
74094;74;France;Cranves-Sales;31;60208849;1150;801;588;31;60208849;22;01154163;16;15828524
74095;74;France;Crempigny-Bonneguête;29;56989247;55;54;25;29;56989247;29;03225806;13;44086022
74096;74;France;Cruseilles;32;17953595;846;478;421;32;17953595;18;18181818;16;01369342
74097;74;France;Cusy;29;53974895;353;256;231;29;53974895;21;42259414;19;33054393
74098;74;France;Cuvat;39;3877551;386;155;121;39;3877551;15;81632653;12;34693878
74099;74;France;Demi-Quartier;40;242;129;32;40;21;32231405;5;289256198
74100;74;France;Desingy;24;8496994;124;143;80;24;8496994;28;65731463;16;03206413
74101;74;France;Dingy-en-Vuache;28;49604222;108;72;63;28;49604222;18;99736148;16;62269129
74102;74;France;Dingy-Saint-Clair;33;46814965;331;154;179;33;46814965;15;57128413;18;09908999
74103;74;France;Domancy;33;2081142;442;282;176;33;2081142;21;18707739;13;2231405
74104;74;France;Doussard;30;65529623;683;437;404;30;65529623;19;61400359;18;13285458
74105;74;France;Douvaine;30;54600993;800;637;431;30;54600993;24;3222604;16;45666285
74106;74;France;Draillant;25;46201232;124;114;84;25;46201232;23;40862423;17;24845996
74107;74;France;Droisy;22;77227723;23;31;10;22;77227723;30;69306931;9;900990099
74108;74;France;Duingt;33;28488372;229;114;122;33;28488372;16;56976744;17;73255814
74109;74;France;Éloise;26;36916836;130;138;78;26;36916836;27;99188641;15;82150101
74111;74;France;Entrevernes;40;66666667;61;29;16;40;66666667;19;33333333;10;66666667
74112;74;France;Epagny Metz-Tessy;36;69234061;1715;849;705;36;69234061;18;16431322;15;08344031
74114;74;France;Essert-Romand;28;08988764;75;52;39;28;08988764;19;47565543;14;60674157
74116;74;France;Etaux;30;44461191;404;309;192;30;44461191;23;28560663;14;46872645
74117;74;France;Étercy;27;7972028;159;139;88;27;7972028;24;3006993;15;38461538
74118;74;France;Étrembières;24;96532594;180;185;161;24;96532594;25;65880721;22;33009709
74119;74;France;Évian-les-Bains;32;73480663;1422;747;872;32;73480663;17;1961326;20;07366483
74121;74;France;Excenevex;30;88235294;210;135;113;30;88235294;19;85294118;16;61764706
74122;74;France;Faucigny;28;42105263;108;80;62;28;42105263;21;05263158;16;31578947
74123;74;France;Faverges-Seythenex;26;89095681;1127;1083;793;26;89095681;25;84108805;18;92149845
74124;74;France;Feigères;32;55295429;292;151;166;32;55295429;16;83389075;18;50613155
74126;74;France;Fessy;29;89377845;197;151;92;29;89377845;22;91350531;13;96054628
74127;74;France;Féternes;21;35193133;199;241;172;21;35193133;25;8583691;18;45493562
74128;74;France;Fillinges;28;67480778;634;525;359;28;67480778;23;7449118;16;23699683
74129;74;France;La Forclaz;35;17241379;51;43;16;35;17241379;29;65517241;11;03448276
74130;74;France;Franclens;24;57337884;72;98;44;24;57337884;33;44709898;15;01706485
74131;74;France;Frangy;27;59211654;322;317;185;27;59211654;27;16366752;15;85261354
74133;74;France;Gaillard;30;07846556;1035;559;1001;30;07846556;16;24527754;29;0903807
74134;74;France;Les Gets;39;70420933;349;159;79;39;70420933;18;0887372;8;987485779
74135;74;France;Giez;27;50642674;107;91;58;27;50642674;23;3933162;14;91002571
74136;74;France;Le Grand-Bornand;38;34394904;602;249;132;38;34394904;15;85987261;8;407643312
74137;74;France;Groisy;32;38015139;770;468;366;32;38015139;19;6804037;15;39108495
74138;74;France;Gruffy;31;28898129;301;157;220;31;28898129;16;32016632;22;86902287
74139;74;France;Habère-Lullin;26;5625;153;127;135;26;5625;22;04861111;23;4375
74140;74;France;Habère-Poche;26;06837607;244;221;164;26;06837607;23;61111111;17;52136752
74141;74;France;Hauteville-sur-Fier;25;03748126;167;192;93;25;03748126;28;7856072;13;94302849
74142;74;France;Héry-sur-Alby;27;7324633;170;139;90;27;7324633;22;67536705;14;68189233
74143;74;France;Les Houches;31;05784263;596;325;344;31;05784263;16;93590412;17;92600313
74144;74;France;Jonzier-Épagny;33;92857143;152;78;86;33;92857143;17;41071429;19;19642857
74145;74;France;Juvigny;35;31073446;125;65;56;35;31073446;18;36158192;15;81920904
74146;74;France;Larringes;31;86157518;267;213;133;31;86157518;25;4176611;15;87112172
74147;74;France;Lathuile;33;47280335;240;176;112;33;47280335;24;54672245;15;62064156
74148;74;France;Leschaux;24;10714286;54;49;49;24;10714286;21;875;21;875
74150;74;France;Loisin;30;91557669;260;189;140;30;91557669;22;47324614;16;64684899
74151;74;France;Lornay;17;37804878;57;107;64;17;37804878;32;62195122;19;51219512
74152;74;France;Lovagny;39;88304094;341;156;114;39;88304094;18;24561404;13;33333333
74153;74;France;Lucinges;33;13432836;333;170;155;33;13432836;16;91542289;15;42288557
74154;74;France;Lugrin;28;11614731;397;298;249;28;11614731;21;10481586;17;63456091
74155;74;France;Lullin;24;19659735;128;139;81;24;19659735;26;27599244;15;31190926
74156;74;France;Lully;31;5920398;127;111;47;31;5920398;27;6119403;11;69154229
74157;74;France;Lyaud;30;18867925;336;279;156;30;18867925;25;06738544;14;01617251
74158;74;France;Machilly;27;01812191;164;152;95;27;01812191;25;04118616;15;65074135
74159;74;France;Magland;23;77750611;389;583;199;23;77750611;35;63569682;12;16381418
74160;74;France;Manigod;28;75536481;201;158;76;28;75536481;22;6037196;10;87267525
74161;74;France;Marcellaz-Albanais;28;79818594;381;312;201;28;79818594;23;58276644;15;19274376
74162;74;France;Marcellaz;27;94612795;166;135;78;27;94612795;22;72727273;13;13131313
74163;74;France;Margencel;31;31991051;420;306;237;31;31991051;22;81879195;17;67337808
74164;74;France;Marignier;24;7706422;864;1031;554;24;7706422;29;55848624;15;88302752
74165;74;France;Marigny-Saint-Marcel;26;92307692;119;112;74;26;92307692;25;33936652;16;74208145
74166;74;France;Marin;27;87821123;293;205;197;27;87821123;19;50523311;18;74405328
74167;74;France;Val de Chaise;29;16188289;254;235;126;29;16188289;26;9804822;14;46613088
74168;74;France;Marlioz;30;74265976;178;117;81;30;74265976;20;20725389;13;98963731
74169;74;France;Marnaz;25;54325543;623;743;415;25;54325543;30;46330463;17;01517015
74170;74;France;Massingy;31;84466019;164;115;69;31;84466019;22;33009709;13;39805825
74171;74;France;Massongy;32;02380952;269;200;114;32;02380952;23;80952381;13;57142857
74172;74;France;Maxilly-sur-Léman;31;96448391;288;204;140;31;96448391;22;64150943;15;53829079
74173;74;France;Megève;36;86964795;775;408;138;36;86964795;19;41008563;6;565176023
74174;74;France;Mégevette;20;78947368;79;104;61;20;78947368;27;36842105;16;05263158
74175;74;France;Meillerie;24;16107383;36;43;31;24;16107383;28;8590604;20;80536913
74176;74;France;Menthon-Saint-Bernard;43;67541766;549;130;159;43;67541766;10;34208433;12;64916468
74177;74;France;Menthonnex-en-Bornes;23;99299475;137;138;86;23;99299475;24;16812609;15;06129597
74178;74;France;Menthonnex-sous-Clermont;21;41280353;97;144;76;21;41280353;31;78807947;16;77704194
74179;74;France;Mésigny;25;8979206;137;164;88;25;8979206;31;00189036;16;63516068
74180;74;France;Messery;36;7475292;409;153;177;36;7475292;13;74663073;15;90296496
74183;74;France;Mieussy;28;02267003;445;361;284;28;02267003;22;73299748;17;88413098
74184;74;France;Minzier;22;65917603;121;133;118;22;65917603;24;90636704;22;09737828
74185;74;France;Monnetier-Mornex;29;16666667;329;193;277;29;16666667;17;10992908;24;55673759
74186;74;France;Montagny-les-Lanches;28;92561983;140;75;106;28;92561983;15;49586777;21;90082645
74188;74;France;Montriond;38;37209302;198;96;54;38;37209302;18;60465116;10;46511628
74189;74;France;Mont-Saxonnex;23;50142721;247;267;207;23;50142721;25;40437678;19;69552807
74190;74;France;Morillon;29;41176471;140;101;101;29;41176471;21;21848739;21;21848739
74191;74;France;Morzine;43;63968351;717;271;165;43;63968351;16;49421789;10;04260499
74192;74;France;Moye;24;26470588;165;195;91;24;26470588;28;67647059;13;38235294
74193;74;France;La Muraz;22;32472325;121;143;106;22;32472325;26;38376384;19;55719557
74194;74;France;Mûres;32;08955224;172;109;88;32;08955224;20;3358209;16;41791045
74195;74;France;Musièges;28;24074074;61;44;28;28;24074074;20;37037037;12;96296296
74196;74;France;Nancy-sur-Cluses;26;4957265;93;90;51;26;4957265;25;64102564;14;52991453
74197;74;France;Nangy;27;40384615;228;191;166;27;40384615;22;95673077;19;95192308
74198;74;France;Nâves-Parmelan;35;07246377;242;103;118;35;07246377;14;92753623;17;10144928
74199;74;France;Nernier;46;90909091;129;23;28;46;90909091;8;363636364;10;18181818
74200;74;France;Neuvecelle;34;87752929;655;322;312;34;87752929;17;14589989;16;61341853
74201;74;France;Neydens;35;500516;344;150;136;35;500516;15;47987616;14;03508772
74202;74;France;Nonglard;30;97949886;136;105;57;30;97949886;23;91799544;12;98405467
74203;74;France;Novel;30;6122449;15;18;7;30;6122449;36;73469388;14;28571429
74205;74;France;Onnion;24;0893067;205;186;179;24;0893067;21;85663925;21;03407756
74206;74;France;Orcier;26;11940299;175;211;94;26;11940299;31;49253731;14;02985075
74208;74;France;Passy;25;22321429;1582;1431;1431;25;22321429;22;81568878;22;81568878
74209;74;France;Peillonnex;32;1299639;267;189;121;32;1299639;22;74368231;14;56077016
74210;74;France;Perrignier;26;28458498;266;261;152;26;28458498;25;79051383;15;01976285
74211;74;France;Pers-Jussy;26;89295039;515;515;308;26;89295039;26;89295039;16;08355091
74212;74;France;Glières-Val-de-Borne;19;70486111;227;324;191;19;70486111;28;125;16;57986111
74213;74;France;Poisy;35;77568563;1748;925;758;35;77568563;18;93164142;15;51371265
74215;74;France;Praz-sur-Arly;32;43589744;253;182;86;32;43589744;23;33333333;11;02564103
74216;74;France;Présilly;32;42258652;178;114;87;32;42258652;20;76502732;15;84699454
74218;74;France;Publier;29;84607357;1144;872;652;29;84607357;22;74980433;17;0101748
74219;74;France;Quintal;37;40740741;303;142;87;37;40740741;17;5308642;10;74074074
74220;74;France;Reignier-Ésery;29;7462406;1266;977;755;29;7462406;22;95582707;17;73966165
74221;74;France;Le Reposoir;29;94350282;106;57;53;29;94350282;16;10169492;14;97175141
74222;74;France;Reyvroz;25;73289902;79;98;33;25;73289902;31;9218241;10;74918567
74223;74;France;La Rivière-Enverse;26;2345679;85;77;59;26;2345679;23;7654321;18;20987654
74224;74;France;La Roche-sur-Foron;28;44189489;1537;993;1375;28;44189489;18;37527757;25;44411547
74225;74;France;Rumilly;25;56519266;1798;1836;1497;25;56519266;26;10550263;21;28536897
74226;74;France;Saint-André-de-Boëge;23;01980198;93;113;77;23;01980198;27;97029703;19;05940594
74228;74;France;Saint-Blaise;35;15981735;77;46;24;35;15981735;21;00456621;10;95890411
74229;74;France;Saint-Cergues;31;55761436;545;427;265;31;55761436;24;72495657;15;34452808
74231;74;France;Saint-Eusèbe;27;39361702;103;96;58;27;39361702;25;53191489;15;42553191
74232;74;France;Saint-Eustache;30;40935673;104;75;42;30;40935673;21;92982456;12;28070175
74233;74;France;Saint-Félix;24;94432071;336;401;232;24;94432071;29;76985895;17;22345954
74234;74;France;Saint-Ferréol;32;35800344;188;144;79;32;35800344;24;7848537;13;59724613
74235;74;France;Saint-Germain-sur-Rhône;23;1884058;80;102;52;23;1884058;29;56521739;15;07246377
74236;74;France;Saint-Gervais-les-Bains;31;69014085;1125;716;567;31;69014085;20;16901408;15;97183099
74237;74;France;Saint-Gingolph;38;36317136;150;70;69;38;36317136;17;9028133;17;64705882
74238;74;France;Saint-Jean-d'Aulps;29;88691438;185;105;113;29;88691438;16;9628433;18;2552504
74239;74;France;Saint-Jean-de-Sixt;33;51235231;312;166;115;33;51235231;17;83029001;12;35230934
74240;74;France;Saint-Jean-de-Tholome;26;05863192;160;149;115;26;05863192;24;26710098;18;72964169
74241;74;France;Saint-Jeoire;22;03011712;395;517;324;22;03011712;28;83435583;18;07027328
74242;74;France;Saint-Jorioz;37;8952336;1606;644;560;37;8952336;15;1958471;13;21378008
74243;74;France;Saint-Julien-en-Genevois;33;19327731;1817;773;1274;33;19327731;14;12130069;23;27365729
74244;74;France;Saint-Laurent;24;1187384;130;101;126;24;1187384;18;73840445;23;37662338
74249;74;France;Saint-Paul-en-Chablais;25;70332481;402;399;248;25;70332481;25;51150895;15;85677749
74250;74;France;Saint-Pierre-en-Faucigny;27;14932127;1020;1055;646;27;14932127;28;08091562;17;19457014
74252;74;France;Saint-Sigismond;28;13186813;128;92;99;28;13186813;20;21978022;21;75824176
74253;74;France;Saint-Sixt;28;88198758;186;110;130;28;88198758;17;08074534;20;1863354
74254;74;France;Saint-Sylvestre;31;71355499;124;74;46;31;71355499;18;9258312;11;76470588
74255;74;France;Sales;29;40287226;389;355;203;29;40287226;26;8329554;15;34391534
74256;74;France;Sallanches;30;52826894;2797;2095;1452;30;52826894;22;86618642;15;84806811
74257;74;France;Sallenôves;25;3493014;127;134;80;25;3493014;26;74650699;15;96806387
74258;74;France;Samoëns;33;82157124;508;257;242;33;82157124;17;11051931;16;11185087
74259;74;France;Le Sappey;23;07692308;63;68;41;23;07692308;24;90842491;15;01831502
74260;74;France;Savigny;30;34188034;142;83;89;30;34188034;17;73504274;19;01709402
74261;74;France;Saxel;26;49006623;80;77;57;26;49006623;25;49668874;18;87417219
74262;74;France;Scientrier;20;84690554;128;205;79;20;84690554;33;38762215;12;86644951
74263;74;France;Sciez;28;13758909;908;739;581;28;13758909;22;90052681;18;00433839
74264;74;France;Scionzier;21;29013596;736;1092;816;21;29013596;31;58808215;23;60428117
74265;74;France;Serraval;26;16407982;118;97;66;26;16407982;21;50776053;14;63414634
74266;74;France;Servoz;34;60264901;209;67;146;34;60264901;11;09271523;24;17218543
74267;74;France;Sevrier;39;19256877;1097;372;380;39;19256877;13;29046088;13;57627724
74269;74;France;Seyssel;22;56452956;271;377;230;22;56452956;31;39050791;19;15070774
74271;74;France;Seytroux;29;48717949;69;46;40;29;48717949;19;65811966;17;09401709
74272;74;France;Sillingy;31;51994725;956;769;430;31;51994725;25;35443455;14;17738213
74273;74;France;Sixt-Fer-à-Cheval;28;88015717;147;121;54;28;88015717;23;77210216;10;60903733
74275;74;France;Talloires-Montmin;36;77770224;541;231;209;36;77770224;15;70360299;14;20802175
74276;74;France;Taninges;26;77845528;527;471;396;26;77845528;23;93292683;20;12195122
74278;74;France;Thyez;28;88381201;885;787;470;28;88381201;25;68537859;15;33942559
74279;74;France;Thollon-les-Mémises;31;1827957;174;149;63;31;1827957;26;70250896;11;29032258
74280;74;France;Thônes;31;75026681;1190;737;579;31;75026681;19;6638207;15;44823906
74281;74;France;Thonon-les-Bains;29;48748942;4879;3108;3802;29;48748942;18;78399613;22;97836335
74282;74;France;Fillière;31;60180391;1892;1185;899;31;60180391;19;79288458;15;01586771
74283;74;France;Thusy;30;60029283;209;155;89;30;60029283;22;69399707;13;03074671
74284;74;France;La Tour;24;95606327;142;169;86;24;95606327;29;70123023;15;1142355
74285;74;France;Usinens;35;11450382;92;58;39;35;11450382;22;13740458;14;88549618
74286;74;France;Vacheresse;18;09701493;97;168;75;18;09701493;31;34328358;13;99253731
74287;74;France;Vailly;27;59924386;146;133;72;27;59924386;25;14177694;13;61058601
74288;74;France;Valleiry;28;88888889;533;436;287;28;88888889;23;63143631;15;55555556
74289;74;France;Vallières-sur-Fier;26;96046662;416;462;232;26;96046662;29;94167207;15;03564485
74290;74;France;Vallorcine;31;69014085;90;22;82;31;69014085;7;746478873;28;87323944
74291;74;France;Vanzy;19;23076923;35;58;38;19;23076923;31;86813187;20;87912088
74292;74;France;Vaulx;28;55029586;193;168;97;28;55029586;24;85207101;14;34911243
74293;74;France;Veigy-Foncenex;37;3486297;586;284;223;37;3486297;18;10070108;14;21287444
74294;74;France;Verchaix;28;15315315;125;101;83;28;15315315;22;74774775;18;69369369
74295;74;France;La Vernaz;24;85875706;44;42;42;24;85875706;23;72881356;23;72881356
74296;74;France;Vers;35;29411765;162;74;54;35;29411765;16;12200436;11;76470588
74297;74;France;Versonnex;23;04038005;97;116;63;23;04038005;27;55344418;14;96437055
74298;74;France;Vétraz-Monthoux;31;1440678;1176;743;740;31;1440678;19;67690678;19;59745763
74299;74;France;Veyrier-du-Lac;46;32117722;724;146;118;46;32117722;9;341010877;7;549584133
74301;74;France;Villard;22;61904762;114;101;110;22;61904762;20;03968254;21;82539683
74302;74;France;Les Villards-sur-Thônes;32;0441989;232;127;124;32;0441989;17;54143646;17;12707182
74303;74;France;Villaz;34;34526507;758;395;311;34;34526507;17;89759855;14;09152696
74304;74;France;Ville-en-Sallaz;19;76744186;102;143;104;19;76744186;27;71317829;20;15503876
74305;74;France;Ville-la-Grand;28;14125376;1028;669;887;28;14125376;18;31371475;24;28141254
74306;74;France;Villy-le-Bouveret;29;49640288;123;72;73;29;49640288;17;26618705;17;5059952
74307;74;France;Villy-le-Pelloux;33;87387387;188;93;93;33;87387387;16;75675676;16;75675676
74308;74;France;Vinzier;22;00357782;123;176;74;22;00357782;31;48479428;13;23792487
74309;74;France;Viry;29;62107209;641;390;429;29;62107209;18;02218115;19;82439926
74310;74;France;Viuz-la-Chiésaz;33;10344828;288;170;128;33;10344828;19;54022989;14;71264368
74311;74;France;Viuz-en-Sallaz;27;25549659;719;602;478;27;25549659;22;82031842;18;11978772
74312;74;France;Vougy;24;16267943;202;271;134;24;16267943;32;41626794;16;02870813
74313;74;France;Vovray-en-Bornes;30;02915452;103;64;58;30;02915452;18;65889213;16;90962099
74314;74;France;Vulbens;33;19892473;247;144;104;33;19892473;19;35483871;13;97849462
74315;74;France;Yvoire;33;27974277;207;88;135;33;27974277;14;14790997;21;70418006
